Id,Name,Email,Password,Role
1,System Admin,admin,8c6976e5b5410415bde908bd4dee15dfb167a9c873fc4bb8a81f6f2ab448a918,0
2,Teacher,teacher,1057a9604e04b274da5a4de0c8f4b4868d9b230989f8c8c6a28221143cc5a755,1
3,admin2,admin2,1c142b2d01aa34e9a36bde480645a57fd69e14155dacfab5a3f9257b77fdc8d8,0
4,Вадим,vadimakim2@gmail.com,15e2b0d3c33891ebb0f1ef609ec419420c20e320ce94c65fbc8c3312448eb225,2
5,123,123,a665a45920422f9d417e4867efdc4fb8a04a1f3fff1fa07e998e86f7f7a27ae3,2
6,123,123,a665a45920422f9d417e4867efdc4fb8a04a1f3fff1fa07e998e86f7f7a27ae3,2
7,123,123,a665a45920422f9d417e4867efdc4fb8a04a1f3fff1fa07e998e86f7f7a27ae3,1
8,teach,teach,eb0b4270edb36c1ea88cc99ee34e45b591da06b486f6b3e7fde5ba7a9c283349,1
9,1234,1234,03ac674216f3e15c761ee1a5e255f067953623c8b388b4459e13f978d7c846f4,2
